,accuracy,kappa,f1_micro,f1_macro,f1_weighted,recall_micro,recall_macro,recall_weighted,precision_micro,precision_macro,precision_weighted
0,0.702537731851224,0.614681790153297,0.702537731851224,0.4707246907949804,0.6997701114598218,0.702537731851224,0.4803575108369189,0.702537731851224,0.702537731851224,0.46284152772985077,0.698823714432804
